,date,tweet,tweet_length,id,likes,retweets,sentiment,subjectivity
1414,8/30/2020,Rest In Peace Jay! ,42,1.30019E+18,200487,58311,0,0
1420,8/30/2020,LAW &amp; ORDER!!!,18,1.30004E+18,327643,58602,0,0
1404,8/31/2020,LAW &amp; ORDER!,16,1.30043E+18,274357,48526,0,0
1407,8/31/2020,"Portland is a mess, and it has been for many years. If this joke of a mayor doesn‚Äôt clean it up, we will go in and do it for them!",130,1.30042E+18,176947,32729,0.261111111,0.458333333
1408,8/31/2020,"If I didn‚Äôt INSIST on having the National Guard activate and go into Kenosha, Wisconsin, there would be no Kenosha‚Ä¶ ",139,1.30042E+18,143388,30384,0,0
1410,8/31/2020,"When is Slow Joe Biden going to criticize the Anarchists, Thugs &amp; Agitators in ANTIFA? When is he going to suggest‚Ä¶ ",143,1.30026E+18,140496,32664,-0.3,0.4
1380,9/1/2020,"Kenosha, Wisconsin, we‚Äôre with you all the way! ",71,1.30093E+18,142754,38502,0,0
1386,9/1/2020,"I was saddened to learn of the passing of India's former President, Pranab Mukherjee. I send my condolences to his‚Ä¶ ",139,1.30084E+18,184270,26536,0,0
1388,9/1/2020,"Had a very productive conversation with Kevin Warren, Commissioner of the Big Ten Conference, about immediately sta‚Ä¶ ",140,1.30082E+18,130452,23698,0.066666667,0.133333333
1389,9/1/2020,"Heading to Kenosha, Wisconsin, to thank Law Enforcement and the National Guard for a job well done. The Violence st‚Ä¶ ",140,1.30081E+18,129360,24677,0,0
1390,9/1/2020,"It never ends! Now they are trying to say that your favorite President, me, went to Walter Reed Medical Center, hav‚Ä¶ ",140,1.30081E+18,177347,42389,0.133333333,0.366666667
1392,9/1/2020,"People are tired of watching the highly political @NBA. Basketball ratings are WAY down, and they won‚Äôt be coming b‚Ä¶ ",140,1.30078E+18,209176,42617,-0.185185185,0.362962963
1394,9/1/2020,Kimberly Klacik is really working hard to help the people of Baltimore. She is running for Congress as a Republican‚Ä¶ ,140,1.30064E+18,123883,29646,-0.045833333,0.370833333
1358,9/2/2020,"The Dow Jones Industrial just closed above 29,000! You are so lucky to have me as your PresidentüòâWith Joe Hiden‚Äô it would crashüòß",128,1.30125E+18,295829,53086,0.077777778,0.344444444
1361,9/2/2020,Will be landing shortly in the Great State of North Carolina. See you soon!,75,1.30121E+18,127220,16522,0.5,0.525
1362,9/2/2020,"When a Kennedy loses a Democrat Primary in Massachusetts, by a lot, it just shows how far LEFT that party has gone.‚Ä¶ ",140,1.3012E+18,132780,32295,0.05,0.4
1365,9/2/2020,"We had FAR more people (many millions) watching us at the RNC than did Sleepy Joe and the DNC, and yet an ad just r‚Ä¶ ",140,1.30116E+18,125354,27510,0.366666667,0.666666667
1368,9/2/2020,"Crazy Nancy Pelosi is being decimated for having a beauty parlor opened, when all others are closed, and for not we‚Ä¶ ",140,1.30115E+18,230246,53797,-0.35,0.5
1343,9/3/2020,Nancy Pelosi says she got ‚Äúset up‚Äù by a Beauty Parlor owner. Maybe the Beauty Parlor owner should be running the Ho‚Ä¶ ,140,1.30159E+18,267968,53516,0,0
1354,9/3/2020,My Administration will do everything in its power to prevent weak mayors and lawless cities from taking Federal dol‚Ä¶ ,140,1.30132E+18,183480,45732,-0.375,0.625
1324,9/4/2020,Another great day for peace with Middle East ‚Äì Muslim-majority Kosovo and Israel have agreed to normalize ties and‚Ä¶ ,139,1.30192E+18,170332,37966,0.4,0.375
1304,9/5/2020,"You work so hard for the military, from completely rebuilding a depleted mess that was left by OBiden, to fixing a‚Ä¶ ",139,1.30222E+18,130070,30699,-0.093333333,0.243333333
1280,9/6/2020,Our Economy and Jobs are doing really well. Next Year will be a Record Setter. Stay Tuned!,90,1.3027E+18,187335,32783,0.1,0.1
1282,9/6/2020,These are the Democrats ‚Äúpeaceful protests‚Äù. Sick! ,74,1.30268E+18,134183,36804,-0.321428571,0.678571429
1283,9/6/2020,"Big Ten Football is looking really good, but may lose Michigan, Illinois, and Maryland because of those Governors‚Äô‚Ä¶ ",139,1.30263E+18,121880,21523,0.233333333,0.233333333
1296,9/6/2020,"Wish I could join you, but totally focused on November 3rd. Thank you! #MAGA ",100,1.30245E+18,164161,30752,0,0.375
1297,9/6/2020,Congratulations to the U.S. Marshals on a job well done in Portland. LAW &amp; ORDER!,85,1.30245E+18,219313,38610,0,0
1268,9/7/2020,"Rochester N.Y., Brooklyn N.Y., Portland - All had bad nights, all weakly run by Radical Left Democrat Governors and Mayors! Get the picture?",140,1.30297E+18,129184,31841,-0.358333333,0.430555556
1269,9/7/2020,"10.6 Million Jobs Created In Just 4 Months, A Record!!!",55,1.30297E+18,284454,48870,0,0
1217,9/8/2020,"Police Chief, and most of the police in Rochester, N.Y., have resigned. The Democrat Mayor and, of courses, Governo‚Ä¶ ",140,1.30346E+18,163282,43408,0.5,0.5
1219,9/8/2020,Heading to North Carolina. See you soon!,40,1.30344E+18,144767,16840,0,0
1222,9/8/2020,"Thank you Jupiter, Florida! ",51,1.30343E+18,132898,29532,0,0
1230,9/8/2020,"They are not ‚Äúpeaceful protesters‚Äù, as Sleepy Joe and the Democrats call them, they are THUGS - And it is all takin‚Ä¶ ",140,1.30337E+18,127094,32633,-0.125,0.5
1233,9/8/2020,Suburban voters are pouring into the Republican Party because of the violence in Democrat run cities and states. If‚Ä¶ ,140,1.30334E+18,134784,33973,0,0
1235,9/8/2020,"The Democrats will open up their states on November 4th, the day after the Election. These shutdowns are ridiculous‚Ä¶ ",140,1.30331E+18,142734,40606,0,0.5
1237,9/8/2020,New York City must stop the Shutdown now. The Governor &amp; Mayor are destroying the place!,92,1.30331E+18,221056,47167,-0.056818182,0.227272727
1254,9/8/2020,The Real Polls are starting to look GREAT! We will be having an even bigger victory than that of 2016. The Radical‚Ä¶ ,139,1.30316E+18,173172,37312,0.3,0.4125
1202,9/9/2020,"We will be substantially LOWERING Medicare Premiums and Prescription Drug Prices, bringing them down to levels that‚Ä¶ ",140,1.30368E+18,210680,45514,-0.155555556,0.288888889
1157,9/10/2020,"Democrats, OPEN THE SCHOOLS ( SAFELY), NOW! When schools are closed, let the money follow the child (FAMILY). Why s‚Ä¶ ",140,1.30406E+18,162509,37688,0.175,0.366666667
1158,9/10/2020,"Bob Woodward had my quotes for many months. If he thought they were so bad or dangerous, why didn‚Äôt he immediately‚Ä¶ ",139,1.30404E+18,124001,30236,-0.266666667,0.688888889
1163,9/10/2020,Kim Jong Un is in good health. Never underestimate him!,55,1.30404E+18,203031,32196,0.875,0.6
1127,9/11/2020,Another HISTORIC breakthrough today! Our two GREAT friends Israel and the Kingdom of Bahrain agree to a Peace Deal‚Ä¶ ,139,1.30446E+18,301380,66444,0.4,0.375
1130,9/11/2020,"In 2001, our Nation, united under God, made an unbreakable promise never to forget the nearly 3,000 innocent Americ‚Ä¶ ",140,1.30438E+18,138219,36714,0.3,0.55
1131,9/11/2020,#NeverForget #September11 ,49,1.30437E+18,171628,38872,0,0
1132,9/11/2020,Congratulations to JPMorgan Chase for ordering everyone BACK TO OFFICE on September 21st. Will always be better than working from home!,135,1.30436E+18,158700,27114,0.208333333,0.166666667
1138,9/11/2020,"When we win I, as your President, will totally forgive ALL deferred payroll taxes with money from the General Fund.‚Ä¶ ",140,1.30424E+18,160056,41452,0.283333333,0.55
1100,9/12/2020,"On my way, Nevada!",18,1.3049E+18,122280,15366,0,0
1106,9/12/2020,"All that time and money spent, and it turns out that the Mueller Investigation was a total SCAM!",96,1.30488E+18,150197,35190,-0.05,0.425
1111,9/12/2020,"Was Andy McCabe ever forced to pay back the $700,000 illegally given to him and his wife, for his wife‚Äôs political‚Ä¶ ",139,1.30477E+18,134444,39186,-0.266666667,0.233333333
1113,9/12/2020,ALERT: So now we find out that the entire Mueller ‚Äúhit squad‚Äù illegally wiped their phones clean just prior to the‚Ä¶ ,139,1.30477E+18,159472,51976,-0.033333333,0.45625
1114,9/12/2020,Thank You Samantha. A Star Is Born!!! ,61,1.30461E+18,170558,47821,0,0
1073,9/13/2020,Just signed a new Executive Order to LOWER DRUG PRICES! My Most Favored Nation order will ensure that our Country g‚Ä¶ ,140,1.30522E+18,177115,43213,0.490151515,0.618181818
1074,9/13/2020,Sleepy Joe Biden has spent 47 years in politics being terrible to Hispanics. Now he is relying on Castro lover Bern‚Ä¶ ,140,1.30518E+18,135286,30973,-0.55,0.55
1083,9/13/2020,Animals that must be hit hard! ,54,1.30501E+18,156615,44195,-0.364583333,0.541666667
1089,9/13/2020,Just landed in Nevada but while on Air Force One watched most vicious TV commercial I have ever seen. Pathetic Joe‚Äô‚Ä¶ ,140,1.30496E+18,145282,36357,-0.375,0.625
1029,9/14/2020,"‚ÄúPlayers take knee, raise fist, stay in locker room, during National Anthem‚Äù. @FoxNews No thanks, tell them to ‚Äúprotest‚Äù some other time!",137,1.30562E+18,156300,30461,-0.128125,0.2875
1044,9/14/2020,"Great, Just Out! 51% Approval Rating in Rasmussen Poll. 95% in Republican Party. Stock Market up BIG today. Will I‚Ä¶ ",139,1.30551E+18,135668,28766,0.5,0.425
1054,9/14/2020,I do! ,29,1.30549E+18,290349,59390,0,0
1008,9/15/2020,"Great to be back in Philadelphia. Thank you Pennsylvania, see you again soon! #MAGA ",107,1.30601E+18,194272,26471,0.4,0.375
1010,9/15/2020,"After decades of division and conflict, we mark the dawn of a new Middle East. Congratulations to the people of Isr‚Ä¶ ",140,1.30598E+18,142714,40100,0.068181818,0.227272727
1024,9/15/2020,"Did you see where Joe Biden ‚Äî as Weak, Tired, and Sleepy as he is, went to a Polling Place today in Delaware (of co‚Ä¶ ",140,1.30569E+18,211647,51903,-0.3875,0.6625
999,9/16/2020,Vaccines are moving along fast and safely!,42,1.30623E+18,191906,25234,0.4125,0.55
1001,9/16/2020,"Great News: BIG TEN FOOTBALL IS BACK. All teams to participate. Thank you to the players, coaches, parents, and all‚Ä¶ ",140,1.30622E+18,202379,32945,0.2,0.2125
1004,9/16/2020,What is this all about? ,47,1.30608E+18,149655,40187,0,0
974,9/17/2020,"I would like to extend best wishes and a very happy 70th birthday to the Prime Minister of India, @narendramodi. Ma‚Ä¶ ",140,1.30669E+18,151042,26376,1,0.65
981,9/17/2020,"I am lowering, not raising, Medicare Premiums!",46,1.30666E+18,151059,32417,0,0
988,9/17/2020,"Democrats only want BAILOUT MONEY for Blue States that are doing badly. They don‚Äôt care about the people, never did!",116,1.30657E+18,145977,35034,-0.291666667,0.588888889
931,9/18/2020,Joe Biden says this is a race between Scranton and Park Avenue. This is a race between Scranton and China. Joe Bide‚Ä¶ ,140,1.30709E+18,154355,38056,0,0
949,9/18/2020,"Voting starts in Virginia TODAY, and we are going to WIN. You have a crazy Governor who wants to take away your gun‚Ä¶ ",140,1.30703E+18,145853,39587,0.133333333,0.466666667
954,9/18/2020,Pelosi wants to take 30 Billion Dollars away from our great Farmers. Can‚Äôt let that happen!,91,1.30695E+18,168704,36997,0.6,0.425
958,9/18/2020,"Never forget, they are coming after ME, because I am fighting for YOU! ",94,1.3068E+18,130508,31334,0,0
926,9/19/2020,Statement from the President on the Passing of Supreme Court Associate Justice Ruth Bader Ginsburg ,122,1.30715E+18,161540,35657,0,0
901,9/20/2020,"SAVE YOUR SECOND AMENDMENT, VOTE TRUMP!",39,1.30769E+18,313511,59898,0,0
906,9/20/2020,LAW &amp; ORDER!,16,1.30768E+18,207345,37730,0,0
917,9/20/2020,"VIRGINIA, and everywhere else for that matter, I am the only thing standing between you and your 2nd Amendment. If‚Ä¶ ",139,1.30765E+18,137770,30744,0,0.5
919,9/20/2020,"THANK YOU NORTH CAROLINA!
",73,1.30749E+18,131243,28236,0,0
891,9/21/2020,I agree 100%. ,37,1.30815E+18,128067,28676,0,0
872,9/22/2020,"A few weeks ago, I BANNED efforts to indoctrinate government employees with divisive and harmful sex and race-based‚Ä¶ ",140,1.30854E+18,159566,38545,-0.2,0.1
882,9/22/2020,"I will be announcing my Supreme Court Nominee on Saturday, at the White House! Exact time TBA.",94,1.3084E+18,278844,49327,0.125,0.125
861,9/23/2020,I hardly know Cindy McCain other than having put her on a Committee at her husband‚Äôs request. Joe Biden was John Mc‚Ä¶ ,140,1.30873E+18,129938,27243,-0.208333333,0.458333333
865,9/23/2020,I did more in 47 months than Joe Biden did in 47 years! ,79,1.30858E+18,129172,27635,0.625,0.5
827,9/24/2020,Up BIG in South Carolina!,25,1.30925E+18,136876,19954,0,0.1
832,9/24/2020,"Thank you, I will never let you down! ",61,1.30918E+18,168288,50860,-0.194444444,0.288888889
834,9/24/2020,Russian Billionaire wired Hunter Biden 3 1/2 Million Dollars. This on top of all of the other money he received whi‚Ä¶ ,140,1.30917E+18,160521,52590,0.125,0.291666667
835,9/24/2020,Sleepy Joe Biden just closed down his campaign for the day (Again). Wants to rest! He is a very LOW ENERGY INDIVIDU‚Ä¶ ,140,1.30914E+18,161485,36749,-0.001388889,0.219722222
838,9/24/2020,Florida looking good!,21,1.30914E+18,164554,22685,0.875,0.6
839,9/24/2020,LAW &amp; ORDER!,16,1.30898E+18,238118,43363,0,0
840,9/24/2020,"Praying for the two police officers that were shot tonight in Louisville, Kentucky. The Federal Government stands b‚Ä¶ ",140,1.30896E+18,189134,40838,0,0
817,9/25/2020,"Cheating on Unsolicited Ballots by political hacks, or anyone else, is against the law. We are closely watching!",112,1.30929E+18,129347,31122,0,0.1
796,9/26/2020,"The Obama Administration was not out to get the facts, they were out to ‚Äúget Trump‚Äù. Ken Starr...And got caught red‚Ä¶ ",140,1.30966E+18,175566,43058,0,0
778,9/27/2020,WATCH THE BALLOTS!!!,20,1.31022E+18,157396,33127,0,0
782,9/27/2020,"I will be strongly demanding a Drug Test of Sleepy Joe Biden prior to, or after, the Debate on Tuesday night. Natur‚Ä¶ ",140,1.31021E+18,246431,54719,0.216666667,0.366666667
783,9/27/2020,"Today, it was my great honor to nominate one of our nation‚Äôs most brilliant and gifted legal minds to the Supreme C‚Ä¶ ",140,1.31004E+18,161417,38000,0.58,0.69
766,9/28/2020,"Joe Biden just announced that he will not agree to a Drug Test. Gee, I wonder why?",82,1.31059E+18,400585,83186,0,0
769,9/28/2020,"The Fake News Media, just like Election time 2016, is bringing up my Taxes &amp; all sorts of other nonsense with illeg‚Ä¶ ",144,1.31059E+18,141101,33936,-0.3125,0.6875
772,9/28/2020,"This is totally illegal. Hope that the U.S. Attorney in Minnesota has this, and other of her many misdeeds, under s‚Ä¶ ",140,1.31044E+18,121934,42669,-0.041666667,0.458333333
748,9/29/2020,Just arrived in the Great State of Ohio. Real Polls have us leading by even more than 2016. With Biden being agains‚Ä¶ ,140,1.31105E+18,151278,28512,0.5,0.516666667
752,9/29/2020,Rigged Election! ,40,1.3108E+18,163781,65018,0,0
753,9/29/2020,"Now Fake News @CNN is actually reporting that I wanted my daughter, Ivanka, to run with me as my Vice President in‚Ä¶ ",139,1.31079E+18,181747,38808,-0.25,0.55
764,9/29/2020,The ‚ÄúTrump Doctrine‚Äù earns President Trump a third Nobel Peace Prize Nomination! @LouDobbs,90,1.31074E+18,156705,35702,0,0
688,9/30/2020,HIGHEST CABLE TELEVISION RATINGS OF ALL TIME. SECOND HIGHEST OVERALL TELEVISION RATINGS OF ALL TIME. Some day these‚Ä¶ ,140,1.31141E+18,180220,32715,0,0
702,9/30/2020,Radical Left Democrats are going CRAZY!,39,1.31137E+18,196420,33196,-0.375,0.45
711,9/30/2020,"Biden REFUSED to use the term, LAW &amp; ORDER! There go the Suburbs.",69,1.31131E+18,239664,42846,0,0
712,9/30/2020,"Biden wants to Pack the Supreme Court, thereby ruining it. Also, he wants no fracking, killing our Energy business,‚Ä¶ ",140,1.31131E+18,125141,32044,0.2,0.1
713,9/30/2020,"Nobody wants Sleepy Joe as a leader, including the Radical Left (which he lost last night!). He disrespected Bernie‚Ä¶ ",140,1.3113E+18,162969,32453,0.066666667,0.055555556
722,9/30/2020,Joe Biden could not name a single Law Enforcement group that supports his candidacy!,84,1.31113E+18,260705,49335,-0.089285714,0.214285714
726,9/30/2020,The American people want LAW &amp; ORDER ‚Äî Joe Biden won‚Äôt even say those words!,80,1.31112E+18,213382,41106,0,0
737,9/30/2020,I did more in 47 months as President than Joe Biden did in 47 years! ,92,1.31112E+18,143888,33061,0.625,0.5
740,9/30/2020,Joe wants to shut down this Country. I want to keep it OPEN!,60,1.31112E+18,318344,50843,0.014814815,0.296296296
673,10/1/2020,Why would I allow the Debate Commission to change the rules for the second and third Debates when I easily won last time?,121,1.31173E+18,240141,40433,0.108333333,0.225
674,10/1/2020,"I won the debate big, based on compilation of polls etc. Thank you!",67,1.31169E+18,329393,43741,0,0.1
677,10/1/2020,"100,000 DEFECTIVE BALLOTS IN NEW YORK. THEY WANT TO REPLACE THEM, BUT WHERE, AND WHAT HAPPENS TO, THE BALLOTS THAT‚Ä¶ ",139,1.3115E+18,184781,50160,0.136363636,0.454545455
662,10/2/2020,"Tonight, @FLOTUS and I tested positive for COVID-19. We will begin our quarantine and recovery process immediately.‚Ä¶ ",140,1.31189E+18,1857405,406444,0.227272727,0.545454545
663,10/2/2020,"Hope Hicks, who has been working so hard without even taking a small break, has just tested positive for Covid 19.‚Ä¶ ",139,1.31186E+18,310125,47767,-0.10479798,0.495707071
658,10/3/2020,OUR GREAT USA WANTS &amp; NEEDS STIMULUS. WORK TOGETHER AND GET IT DONE. Thank you!,83,1.31245E+18,639053,91774,0.525,0.425
659,10/3/2020,"Doctors, Nurses and ALL at the GREAT Walter Reed Medical Center, and others from likewise incredible institutions w‚Ä¶ ",140,1.31244E+18,637152,98519,0.4,0.4375
660,10/3/2020,"Going welI, I think! Thank you to all. LOVE!!!",46,1.31223E+18,1201765,137476,0.9765625,0.6
654,10/4/2020,"I really appreciate all of the fans and supporters outside of the hospital. The fact is, they really love our Count‚Ä¶ ",140,1.31284E+18,587486,89271,0.233333333,0.283333333
656,10/4/2020,Thank you so much! ,42,1.31271E+18,360131,63157,0.25,0.2
626,10/5/2020,"‚ÄúYou see it in enthusiasm for the President outside Walter Reed Hospital. You see it in Registrations, from Florida‚Ä¶ ",140,1.31327E+18,132616,28051,0,0.05
628,10/5/2020,"STOCK MARKET UP BIG, 466 Points!  28,149. Great News for America. Jobs, Jobs, Jobs!",83,1.31322E+18,274010,47401,0.5,0.425
629,10/5/2020,I will be leaving the great Walter Reed Medical Center today at 6:30 P.M. Feeling really good! Don‚Äôt be afraid of C‚Ä¶ ,140,1.31319E+18,583807,128246,0.195,0.47
630,10/5/2020,It is reported that the Media is upset because I got into a secure vehicle to say thank you to the many fans and su‚Ä¶ ,140,1.31318E+18,292908,51929,0.45,0.55
634,10/5/2020,PEACE THROUGH STRENGTH (BRING OUR SOLDIERS HOME). VOTE!,55,1.31308E+18,250007,46746,0,0
635,10/5/2020,SAVE OUR SECOND AMENDMENT. VOTE!,32,1.31307E+18,314361,57574,0,0
637,10/5/2020,PROTECT PREEXISTING CONDITIONS. VOTE!,37,1.31307E+18,243422,43185,0,0
638,10/5/2020,BETTER &amp; CHEAPER HEALTHCARE. VOTE!,38,1.31307E+18,224352,39113,0.625,0.5
639,10/5/2020,PRO LIFE! VOTE!,15,1.31307E+18,514077,77874,0,0
641,10/5/2020,SPACE FORCE. VOTE!,18,1.31307E+18,311702,47558,0,0
642,10/5/2020,BEST V.A. EVER. 91% APPROVAL RATING. VOTE!,42,1.31307E+18,192803,34144,1,0.3
643,10/5/2020,401(K). VOTE!,13,1.31307E+18,223234,35442,0,0
644,10/5/2020,"BIGGEST TAX CUT EVER, AND ANOTHER ONE COMING. VOTE!",51,1.31307E+18,225959,41107,0,0
645,10/5/2020,RELIGIOUS LIBERTY. VOTE!,24,1.31307E+18,246358,43320,0,0.25
646,10/5/2020,LAW &amp; ORDER. VOTE!,22,1.31307E+18,232861,42124,0,0
647,10/5/2020,STRONGEST EVER MILITARY. VOTE!,30,1.31307E+18,248097,41229,-0.125,0.1
648,10/5/2020,STOCK MARKET HIGHS. VOTE!,25,1.31307E+18,251144,40502,0,0
649,10/5/2020,Virginia Voters! Your Governor wants to obliterate your Second Amendment. I have stopped him. I am the only thing b‚Ä¶ ,140,1.31307E+18,168907,39071,0.066666667,0.366666667
651,10/5/2020,‚ÄúI‚Äôm voting for Donald Trump. My father is a Union Worker and his 401K has tripled under President Trump.‚Äù USA Vote‚Ä¶ ,140,1.31306E+18,179587,35604,0,0
603,10/6/2020,Crazy Nancy Pelosi and the Radical Left Democrats were just playing ‚Äúgames‚Äù with the desperately needed Workers Sti‚Ä¶ ,140,1.31362E+18,177949,46091,-0.4,0.633333333
605,10/6/2020,"How does Biden lead in Pennsylvania Polls when he is against Fracking (JOBS!), 2nd Amendment and Religion? Fake Pol‚Ä¶ ",140,1.31358E+18,308719,55529,-0.25,0.5
609,10/6/2020,"Nancy Pelosi is asking for $2.4 Trillion¬†Dollars¬†to bailout poorly run, high crime, Democrat States, money that is‚Ä¶ ",139,1.31355E+18,194279,49621,-0.12,0.57
611,10/6/2020,REPEAL SECTION 230!!!,21,1.31351E+18,181672,40804,0,0
621,10/6/2020,"Biden and Democrats just clarified the fact that they are fully in favor of (very) LATE TERM ABORTION, right up unt‚Ä¶ ",140,1.31345E+18,202396,59485,-0.052142857,0.657857143
554,10/7/2020,"Biden supports Cory Booker‚Äôs Bill that will force low income housing in the Suburbs, which will lower property valu‚Ä¶ ",140,1.31399E+18,126276,32341,0,0.3
556,10/7/2020,We should have the small remaining number of our BRAVE Men and Women serving in Afghanistan home by Christmas!,110,1.31398E+18,243480,46858,0.375,0.7
557,10/7/2020,A MESSAGE FROM THE PRESIDENT! ,53,1.31396E+18,328708,93229,0,0
558,10/7/2020,Just spoke with Prime Minister @BorisJohnson of the United Kingdom. Very thankful for his friendship and support as‚Ä¶ ,140,1.31396E+18,189803,33298,0.2,0.3
560,10/7/2020,"Wow!!! NOW DO SOMETHING ABOUT THIS, THE BIGGEST OF ALL POLITICAL SCANDALS (IN HISTORY)!!! BIDEN, OBAMA AND CROOKED‚Ä¶ ",139,1.3139E+18,151687,62676,0.09765625,0.55
563,10/7/2020,THE FAKE NEWS MEDIA IS THE REAL OPPOSITION PARTY!,49,1.31386E+18,432065,79071,-0.125,0.65
582,10/7/2020,"DEMS WANT TO SHUT YOUR CHURCHES DOWN, PERMANENTLY. HOPE YOU SEE WHAT IS HAPPENING. VOTE NOW! ",116,1.31382E+18,136169,48375,-0.194444444,0.288888889
588,10/7/2020,"11,00 North Carolina residents get incorrect voter registration forms. 2000 LA County Voters received ‚Äúfaulty‚Äù Ball‚Ä¶ ",140,1.31366E+18,156641,50073,0,0
589,10/7/2020,"The House &amp; Senate should IMMEDIATELY Approve 25 Billion Dollars for Airline Payroll Support, &amp; 135 Billion Dollars‚Ä¶ ",148,1.31366E+18,177769,46816,0,0
590,10/7/2020,"Wear your mask in the ‚Äúbeauty‚Äù parlor, Nancy! ",69,1.31365E+18,213646,46506,0,0
594,10/7/2020,"All Russia Hoax Scandal information was Declassified by me long ago. Unfortunately for our Country, people have act‚Ä¶ ",140,1.31365E+18,156803,45115,-0.275,0.7
601,10/7/2020,I have fully authorized the total Declassification of any &amp; all documents pertaining to the single greatest politic‚Ä¶ ,144,1.31364E+18,234487,88669,0.30952381,0.654761905
532,10/8/2020,Joe Biden has no plan for Coronavirus - ALL TALK! He was a disaster in his handling of H1N1 Swine Flu. He didn‚Äôt ha‚Ä¶ ,140,1.31428E+18,141575,32369,0,0
535,10/8/2020,"If a Republican LIED like Biden and Harris do, constantly, the Lamestream Media would be calling them out at a leve‚Ä¶ ",140,1.31423E+18,195152,46625,0,0.333333333
536,10/8/2020,"Biden will Shutdown the Economy at the tip of a hat, raise your Taxes, knock out your Second Amendment and Defund,‚Ä¶ ",139,1.31423E+18,169947,42711,0,0
539,10/8/2020,Mike Pence WON BIG!,19,1.31404E+18,623330,87313,0,0.1
552,10/8/2020,Joe Biden and Kamala Harris BOTH want to BAN FRACKING. ,78,1.31402E+18,148661,54762,0,0
553,10/8/2020,"Obama, Biden, Crooked Hillary and many others got caught in a Treasonous Act of Spying and Government Overthrow, a‚Ä¶ ",139,1.314E+18,275826,70229,0.25,0.3
503,10/9/2020,Documents reveal that General Flynn was entrapped! @EveningEdit @FoxNews,72,1.31471E+18,180628,52461,0.0625,0.5
504,10/9/2020,".@SteveScully, the Never Trumper next debate moderator, got caught cold. Pulled out the old, ‚ÄúI‚Äôve been hacked‚Äù, li‚Ä¶ ",140,1.31471E+18,152434,41329,-0.166666667,0.4
513,10/9/2020,Covid Relief Negotiations are moving along. Go Big!,51,1.31459E+18,175582,29237,0,0.1
516,10/9/2020,"Steve Scully, the second Debate Moderator, is a Never Trumper, just like the son of the great Mike Wallace. Fix!!!",114,1.31459E+18,147633,34900,0.5,0.375
518,10/9/2020,Hello! ,30,1.31441E+18,138597,41300,0,0
521,10/9/2020,"The Gallup Poll has just come out with the incredible finding that 56% of you say that you are better off today, du‚Ä¶ ",140,1.3144E+18,206966,48003,0.7,0.7
524,10/9/2020,"Governor Whitmer of Michigan has done a terrible job. She locked down her state for everyone, except her husband‚Äôs‚Ä¶ ",139,1.31438E+18,143385,35390,-0.577777778,0.644444444
500,10/10/2020,"Joe Biden is a PUPPET of CASTRO-CHAVISTAS like Crazy Bernie, AOC and Castro-lover Karen Bass. Biden is supported by‚Ä¶ ",140,1.315E+18,216441,57431,-0.375,0.7
501,10/10/2020,"Congratulations to former President @AlvaroUribeVel, a hero, former recipient of the Presidential Medal of Freedom‚Ä¶ ",139,1.315E+18,131481,34603,0,0
502,10/10/2020,I was honored to receive the first ever Presidential Endorsement from the Florida Police Chiefs Association. Thank‚Ä¶ ,139,1.31476E+18,150818,37459,0.25,0.333333333
484,10/11/2020,"People don‚Äôt remember the chaos, hatred &amp; discord that we all went through during the 8 years of Obama/Biden. St. L‚Ä¶ ",144,1.31534E+18,150264,35621,0,0
499,10/11/2020,"As the 1st President to formally recognize the issue of Missing &amp; Murdered Native Americans, today, I was proud to‚Ä¶ ",143,1.31509E+18,199451,49944,0.3,0.525
460,10/12/2020,New York has gone to hell. Vote Trump!,38,1.31563E+18,266848,46828,0.170454545,0.454545455
461,10/12/2020,California is going to hell. Vote Trump!,40,1.31563E+18,471181,75013,0,0
473,10/12/2020,Record 96% Approval Rating in the Republican Party. 53% Approval Rating Overall. Record 56% ‚ÄúBetter Off Now‚Äù than 4‚Ä¶ ,140,1.31548E+18,178603,40978,0.25,0.25
478,10/12/2020,See you in FLORIDA tomorrow night. Big Rally!!!,47,1.31545E+18,242428,38110,0,0.1
437,10/15/2020,"Pelosi is holding up STIMULUS, not the Republicans!",51,1.31684E+18,297608,61408,0,0
438,10/15/2020,"I will be doing a major Fake @NBCNews Town Hall Forum, live tonight from Miami, at 8:00 P.M. They asked me to do it‚Ä¶ ",140,1.31684E+18,133794,28800,-0.100378788,0.666666667
439,10/15/2020,I was right again! Steve Scully just admitted he was lying about his Twitter being hacked. The Debate was Rigged! H‚Ä¶ ,140,1.31683E+18,215248,55840,0.446428571,0.535714286
444,10/15/2020,"THANK YOU NORTH CAROLINA, ON MY WAY! #MAGA ",66,1.31679E+18,123350,25521,0,0
450,10/15/2020,Heading to North Carolina soon. Really Big Crowd. We will have a great time!!!,78,1.31676E+18,173685,26440,0.5,0.425
417,10/16/2020,Getting ready to speak in Florida. Enjoy!,41,1.3172E+18,178898,22566,0.35,0.5
418,10/16/2020,"Biden made another big mistake. He totally mixed up two Crime Bills. Didn‚Äôt have a clue (as usual!). Also, he freel‚Ä¶ ",140,1.31714E+18,154443,37214,-0.104166667,0.2
423,10/16/2020,Very good reviews on last night‚Äôs @NBCNews Town Hall in Miami. Thank you!!!,75,1.31707E+18,150908,24301,0.455,0.423333333
424,10/16/2020,"Polls numbers are looking very strong. Big crowds, great enthusiasm. Massive RED WAVE coming!!!",95,1.31706E+18,284077,53341,0.272666667,0.560666667
385,10/17/2020,Getting ready to land in Wisconsin. See you soon!,49,1.3176E+18,149769,19259,0.25,0.5
400,10/17/2020,Biden is a National Security threat! ,60,1.31754E+18,134415,48928,0,0
402,10/17/2020,SLEEPY JOE BIDEN IS PROPOSING THE BIGGEST TAX HIKE IN OUR COUNTRY‚ÄôS HISTORY! CAN ANYBODY REALLY VOTE FOR THIS?,110,1.3175E+18,208796,46642,0.2,0.2
403,10/17/2020,GIANT RED WAVE COMING!,22,1.3175E+18,437420,75585,0,0.5
366,10/18/2020,"THANK YOU Newport Beach, California! Now on my way to Carson City, Nevada. Another big crowd, see you soon! #MAGA ",137,1.31795E+18,157469,39154,0,0.1
367,10/18/2020,Corrupt politician Joe Biden makes Crooked Hillary look like an amateur!,72,1.31789E+18,318182,64223,-0.270833333,0.45
369,10/18/2020,"Very proud of the @nypost, my former ‚Äúhometown newspaper‚Äù. They have said and shown what everyone knows about Sleep‚Ä¶ ",140,1.31786E+18,166972,45838,0.5,0.5
372,10/18/2020,"The United States shows more CASES than other countries, which the Lamestream Fake News Media pounces on daily, bec‚Ä¶ ",140,1.31782E+18,169774,38904,-0.03125,0.46875
373,10/18/2020,"John, thank you. Such a great honor! ",60,1.31769E+18,179655,45466,0.5,0.625
379,10/18/2020,Joe Biden is the living embodiment of the corrupt political class that enriched itself while draining the economic‚Ä¶ ,139,1.31765E+18,177393,52992,-0.25,0.55
346,10/19/2020,"Dr.Tony Fauci says we don‚Äôt allow him to do television, and yet I saw him last night on @60Minutes, and he seems to‚Ä¶ ",140,1.31825E+18,126180,32023,0,0.066666667
347,10/19/2020,"GREAT news! New government of Sudan, which is making great progress, agreed to pay $335 MILLION to U.S. terror vict‚Ä¶ ",140,1.31825E+18,250554,64556,0.645454545,0.651515152
348,10/19/2020,Heading for Arizona. See you soon!,34,1.31825E+18,179651,21954,0,0
316,10/28/2020,"Why isn‚Äôt Biden corruption trending number one on Twitter? Biggest world story, and nowhere to be found. There is n‚Ä¶ ",140,1.3216E+18,243961,59149,0,0
331,10/28/2020,Media and Big Tech are not covering Biden Corruption!,53,1.32149E+18,246435,52277,0,0.1
332,10/28/2020,"The USA doesn‚Äôt have Freedom of the Press, we have Suppression of the Story, or just plain Fake News. So much has b‚Ä¶ ",140,1.32149E+18,182303,47147,-0.171428571,0.519047619
339,10/28/2020,"As a developer long ago, and continuing to this day, the politicians ran Chicago into the ground. I was able to mak‚Ä¶ ",140,1.32141E+18,140338,21172,0.225,0.5125
341,10/28/2020,"We are spending more in Florida, and we are winning big in Florida. Actually, we are winning big in many states as‚Ä¶ ",139,1.32129E+18,184675,28755,0.285714286,0.4
286,10/29/2020,"My Administration has suspended the entry of refugees from terror-compromised nations such as Syria, Somalia and Ye‚Ä¶ ",140,1.32196E+18,147078,37360,0,0.5
288,10/29/2020,"Forced to move our Rally tonight in Fayetteville, North Carolina, to Monday, due to high speed winds and bad weathe‚Ä¶ ",140,1.32192E+18,156331,25357,-0.24125,0.445416667
299,10/29/2020,"A 3 day extension for Pennsylvania is a disaster for our Nation, and for Pennsylvania itself. The Democrats are try‚Ä¶ ",140,1.32186E+18,150592,34865,0,0
300,10/29/2020,Weekly Jobless Claims just hit a 7 month low!,45,1.32186E+18,148780,25297,0,0.3
303,10/29/2020,Our hearts are with the people of France. America stands with our oldest Ally in this fight. These Radical Islamic‚Ä¶ ,139,1.32186E+18,213741,40713,0,0
306,10/29/2020,"GDP number just announced. Biggest and Best in the History of our Country, and not even close. Next year will be FA‚Ä¶ ",140,1.32181E+18,158486,37425,0.5,0.15
230,10/30/2020,"President Obama used to say that ‚Äúif you wanted to see something really screwed up, give it to Joe Biden to do.‚Äù In‚Ä¶ ",140,1.32233E+18,146425,31506,0.2,0.2
234,10/30/2020,"The Election should end on November 3rd., not weeks later!",58,1.32229E+18,324611,49441,0,0
252,10/30/2020,Biden wants the biggest Tax Increase in the history of our Country!,67,1.32225E+18,153701,27069,0.25,0.1
257,10/30/2020,Happy Birthday to our wonderful Ivanka. Now go back to work! November 3rd. ,98,1.32222E+18,174328,24613,0.45,0.5
265,10/30/2020,SECOND AMENDMENT!,17,1.32217E+18,205892,30789,0,0
266,10/30/2020,SUPREME COURT!,14,1.32217E+18,156064,20387,0,0
267,10/30/2020,"33.1% GDP - BEST IN USA HISTORY. IF I AM ELECTED, NEXT YEAR WILL BE OUR BEST EVER!",82,1.32216E+18,196370,34914,0.666666667,0.2
272,10/30/2020,Biden will destroy the United States Supreme Court. Don‚Äôt let this happen!,74,1.32207E+18,184666,31206,-0.25,0
273,10/30/2020,#BidenCrimeFamiily,18,1.32207E+18,166232,37702,0,0
275,10/30/2020,Watch the Great Red Wave!,25,1.32206E+18,179626,24936,0.4,0.375
276,10/30/2020,Way ahead in Texas!,19,1.32206E+18,156104,18918,0,0
285,10/30/2020,"The Fake News refuses to cover the fact that GDP went up 33.1% for the 3rd Quarter, the best number by far in our Country‚Äôs history!",132,1.32197E+18,213294,48542,0.15625,0.575
171,10/31/2020,For the last 4 years you have seen me fight for you - and now I am relying on YOU to deliver another historic victo‚Ä¶ ,140,1.32269E+18,142170,31811,0,0.033333333
173,10/31/2020,"Just signed an order to protect fracking and the oil and gas industry. This means JOBS, low energy bills, and conti‚Ä¶ ",140,1.32266E+18,211652,42987,0,0.3
190,10/31/2020,Will be making a special speech in Pennsylvania at 12:30 P.M. Eastern!,70,1.32257E+18,142857,19156,0.446428571,0.571428571
191,10/31/2020,"Last night, our Country‚Äôs brave warriors rescued an American hostage in Nigeria. Our Nation salutes the courageous‚Ä¶ ",139,1.32257E+18,231924,45822,0.266666667,0.355555556
213,10/31/2020,Big win for our very elite U.S. Special Forces today. Details to follow!,72,1.32253E+18,217998,33311,0.361607143,0.342857143
215,10/31/2020,"Joe Biden will PACK THE COURT. Also, he never gave the answer who his Radical Left Justices will be!",100,1.32252E+18,127232,22089,0,0
